num,kanji,kana,url
1,逢沢　　一郎君,あいさわ_いちろう,https://www.shugiin.go.jp/internet/itdb_giinprof.nsf/html/profile/011.html
2,青柳　　仁士君,あおやぎ_ひとし,https://www.shugiin.go.jp/internet/itdb_giinprof.nsf/html/profile/012.html
3,青柳　陽一郎君,あおやぎ_よういちろう,https://www.shugiin.go.jp/internet/itdb_giinprof.nsf/html/profile/013.html
4,青山　　周平君,あおやま_しゅうへい,https://www.shugiin.go.jp/internet/itdb_giinprof.nsf/html/profile/014.html
5,青山　　大人君,あおやま_やまと,https://www.shugiin.go.jp/internet/itdb_giinprof.nsf/html/profile/015.html
6,赤木　　正幸君,あかぎ_まさゆき,https://www.shugiin.go.jp/internet/itdb_giinprof.nsf/html/profile/016.html
7,赤澤　　亮正君,あかざわ_りょうせい,https://www.shugiin.go.jp/internet/itdb_giinprof.nsf/html/profile/017.html
8,赤羽　　一嘉君,あかば_かずよし,https://www.shugiin.go.jp/internet/itdb_giinprof.nsf/html/profile/018.html
9,あかま　二郎君,あかま_じろう,https://www.shugiin.go.jp/internet/itdb_giinprof.nsf/html/profile/003.html
10,赤嶺　　政賢君,あかみね_せいけん,https://www.shugiin.go.jp/internet/itdb_giinprof.nsf/html/profile/019.html
11,秋葉　　賢也君,あきば_けんや,https://www.shugiin.go.jp/internet/itdb_giinprof.nsf/html/profile/020.html
12,秋本　　真利君,あきもと_まさとし,https://www.shugiin.go.jp/internet/itdb_giinprof.nsf/html/profile/021.html
13,浅川　　義治君,あさかわ_よしはる,https://www.shugiin.go.jp/internet/itdb_giinprof.nsf/html/profile/022.html
14,浅野　　　哲君,あさの_さとし,https://www.shugiin.go.jp/internet/itdb_giinprof.nsf/html/profile/023.html
15,東　　　国幹君,あずま_くによし,https://www.shugiin.go.jp/internet/itdb_giinprof.nsf/html/profile/024.html
16,安住　　　淳君,あずみ_じゅん,https://www.shugiin.go.jp/internet/itdb_giinprof.nsf/html/profile/005.html
17,畦元　　将吾君,あぜもと_しょうご,https://www.shugiin.go.jp/internet/itdb_giinprof.nsf/html/profile/025.html
18,麻生　　太郎君,あそう_たろう,https://www.shugiin.go.jp/internet/itdb_giinprof.nsf/html/profile/026.html
19,足立　　康史君,あだち_やすし,https://www.shugiin.go.jp/internet/itdb_giinprof.nsf/html/profile/007.html
20,阿部　　　司君,あべ_つかさ,https://www.shugiin.go.jp/internet/itdb_giinprof.nsf/html/profile/008.html
21,あべ　　俊子君,あべ_としこ,https://www.shugiin.go.jp/internet/itdb_giinprof.nsf/html/profile/004.html
22,阿部　　知子君,あべ_ともこ,https://www.shugiin.go.jp/internet/itdb_giinprof.nsf/html/profile/009.html
23,阿部　　弘樹君,あべ_ひろき,https://www.shugiin.go.jp/internet/itdb_giinprof.nsf/html/profile/010.html
24,甘利　　　明君,あまり_あきら,https://www.shugiin.go.jp/internet/itdb_giinprof.nsf/html/profile/027.html
25,荒井　　　優君,あらい_ゆたか,https://www.shugiin.go.jp/internet/itdb_giinprof.nsf/html/profile/028.html
26,新垣　　邦男君,あらかき_くにお,https://www.shugiin.go.jp/internet/itdb_giinprof.nsf/html/profile/029.html
27,五十嵐　　清君,いがらし_きよし,https://www.shugiin.go.jp/internet/itdb_giinprof.nsf/html/profile/030.html
28,池下　　　卓君,いけした_たく,https://www.shugiin.go.jp/internet/itdb_giinprof.nsf/html/profile/047.html
29,池田　　佳隆君,いけだ_よしたか,https://www.shugiin.go.jp/internet/itdb_giinprof.nsf/html/profile/048.html
30,池畑　浩太朗君,いけはた_こうたろう,https://www.shugiin.go.jp/internet/itdb_giinprof.nsf/html/profile/049.html
31,伊佐　　進一君,いさ_しんいち,https://www.shugiin.go.jp/internet/itdb_giinprof.nsf/html/profile/039.html
32,井坂　　信彦君,いさか_のぶひこ,https://www.shugiin.go.jp/internet/itdb_giinprof.nsf/html/profile/031.html
33,石井　　啓一君,いしい_けいいち,https://www.shugiin.go.jp/internet/itdb_giinprof.nsf/html/profile/050.html
34,石井　　　拓君,いしい_たく,https://www.shugiin.go.jp/internet/itdb_giinprof.nsf/html/profile/051.html
35,石川　　昭政君,いしかわ_あきまさ,https://www.shugiin.go.jp/internet/itdb_giinprof.nsf/html/profile/052.html
36,石川　　香織君,いしかわ_かおり,https://www.shugiin.go.jp/internet/itdb_giinprof.nsf/html/profile/053.html
37,石田　　真敏君,いしだ_まさとし,https://www.shugiin.go.jp/internet/itdb_giinprof.nsf/html/profile/054.html
38,石破　　　茂君,いしば_しげる,https://www.shugiin.go.jp/internet/itdb_giinprof.nsf/html/profile/055.html
39,石橋　林太郎君,いしばし_りんたろう,https://www.shugiin.go.jp/internet/itdb_giinprof.nsf/html/profile/056.html
40,石原　　宏高君,いしはら_ひろたか,https://www.shugiin.go.jp/internet/itdb_giinprof.nsf/html/profile/057.html
41,石原　　正敬君,いしはら_まさたか,https://www.shugiin.go.jp/internet/itdb_giinprof.nsf/html/profile/058.html
42,泉　　　健太君,いずみ_けんた,https://www.shugiin.go.jp/internet/itdb_giinprof.nsf/html/profile/059.html
43,泉田　　裕彦君,いずみだ_ひろひこ,https://www.shugiin.go.jp/internet/itdb_giinprof.nsf/html/profile/060.html
44,一谷　勇一郎君,いちたに_ゆういちろう,https://www.shugiin.go.jp/internet/itdb_giinprof.nsf/html/profile/061.html
45,市村　浩一郎君,いちむら_こういちろう,https://www.shugiin.go.jp/internet/itdb_giinprof.nsf/html/profile/062.html
46,井出　　庸生君,いで_ようせい,https://www.shugiin.go.jp/internet/itdb_giinprof.nsf/html/profile/032.html
47,伊藤　　俊輔君,いとう_しゅんすけ,https://www.shugiin.go.jp/internet/itdb_giinprof.nsf/html/profile/042.html
48,伊藤　信太郎君,いとう_しんたろう,https://www.shugiin.go.jp/internet/itdb_giinprof.nsf/html/profile/043.html
49,伊藤　　忠彦君,いとう_ただひこ,https://www.shugiin.go.jp/internet/itdb_giinprof.nsf/html/profile/044.html
50,伊藤　　達也君,いとう_たつや,https://www.shugiin.go.jp/internet/itdb_giinprof.nsf/html/profile/045.html
51,伊東　　信久君,いとう_のぶひさ,https://www.shugiin.go.jp/internet/itdb_giinprof.nsf/html/profile/040.html
52,伊東　　良孝君,いとう_よしたか,https://www.shugiin.go.jp/internet/itdb_giinprof.nsf/html/profile/041.html
53,伊藤　　　渉君,いとう_わたる,https://www.shugiin.go.jp/internet/itdb_giinprof.nsf/html/profile/046.html
54,稲田　　朋美君,いなだ_ともみ,https://www.shugiin.go.jp/internet/itdb_giinprof.nsf/html/profile/063.html
55,稲津　　　久君,いなつ_ひさし,https://www.shugiin.go.jp/internet/itdb_giinprof.nsf/html/profile/064.html
56,稲富　　修二君,いなとみ_しゅうじ,https://www.shugiin.go.jp/internet/itdb_giinprof.nsf/html/profile/065.html
57,井野　　俊郎君,いの_としろう,https://www.shugiin.go.jp/internet/itdb_giinprof.nsf/html/profile/033.html
58,井上　　信治君,いのうえ_しんじ,https://www.shugiin.go.jp/internet/itdb_giinprof.nsf/html/profile/034.html
59,井上　　貴博君,いのうえ_たかひろ,https://www.shugiin.go.jp/internet/itdb_giinprof.nsf/html/profile/035.html
60,井上　　英孝君,いのうえ_ひでたか,https://www.shugiin.go.jp/internet/itdb_giinprof.nsf/html/profile/036.html
61,井林　　辰憲君,いばやし_たつのり,https://www.shugiin.go.jp/internet/itdb_giinprof.nsf/html/profile/037.html
62,井原　　　巧君,いはら_たくみ,https://www.shugiin.go.jp/internet/itdb_giinprof.nsf/html/profile/038.html
63,今枝　宗一郎君,いまえだ_そういちろう,https://www.shugiin.go.jp/internet/itdb_giinprof.nsf/html/profile/066.html
64,今村　　雅弘君,いまむら_まさひろ,https://www.shugiin.go.jp/internet/itdb_giinprof.nsf/html/profile/067.html
65,岩田　　和親君,いわた_かずちか,https://www.shugiin.go.jp/internet/itdb_giinprof.nsf/html/profile/068.html
66,岩谷　　良平君,いわたに_りょうへい,https://www.shugiin.go.jp/internet/itdb_giinprof.nsf/html/profile/069.html
67,岩屋　　　毅君,いわや_たけし,https://www.shugiin.go.jp/internet/itdb_giinprof.nsf/html/profile/070.html
68,上杉　謙太郎君,うえすぎ_けんたろう,https://www.shugiin.go.jp/internet/itdb_giinprof.nsf/html/profile/071.html
69,上田　　英俊君,うえだ_えいしゅん,https://www.shugiin.go.jp/internet/itdb_giinprof.nsf/html/profile/072.html
70,上野　賢一郎君,うえの_けんいちろう,https://www.shugiin.go.jp/internet/itdb_giinprof.nsf/html/profile/073.html
71,浮島　　智子君,うきしま_ともこ,https://www.shugiin.go.jp/internet/itdb_giinprof.nsf/html/profile/074.html
72,梅谷　　　守君,うめたに_まもる,https://www.shugiin.go.jp/internet/itdb_giinprof.nsf/html/profile/075.html
73,浦野　　靖人君,うらの_やすと,https://www.shugiin.go.jp/internet/itdb_giinprof.nsf/html/profile/076.html
74,漆間　　譲司君,うるま_じょうじ,https://www.shugiin.go.jp/internet/itdb_giinprof.nsf/html/profile/077.html
75,江崎　　鐵磨君,えさき_てつま,https://www.shugiin.go.jp/internet/itdb_giinprof.nsf/html/profile/078.html
76,江田　　憲司君,えだ_けんじ,https://www.shugiin.go.jp/internet/itdb_giinprof.nsf/html/profile/079.html
77,枝野　　幸男君,えだの_ゆきお,https://www.shugiin.go.jp/internet/itdb_giinprof.nsf/html/profile/083.html
78,江渡　　聡徳君,えと_あきのり,https://www.shugiin.go.jp/internet/itdb_giinprof.nsf/html/profile/080.html
79,衛藤　征士郎君,えとう_せいしろう,https://www.shugiin.go.jp/internet/itdb_giinprof.nsf/html/profile/082.html
80,江藤　　　拓君,えとう_たく,https://www.shugiin.go.jp/internet/itdb_giinprof.nsf/html/profile/081.html
81,英利アルフィヤ君,えり_あるふぃや,https://www.shugiin.go.jp/internet/itdb_giinprof.nsf/html/profile/503.html
82,遠藤　　　敬君,えんどう_たかし,https://www.shugiin.go.jp/internet/itdb_giinprof.nsf/html/profile/084.html
83,遠藤　　利明君,えんどう_としあき,https://www.shugiin.go.jp/internet/itdb_giinprof.nsf/html/profile/085.html
84,遠藤　　良太君,えんどう_りょうた,https://www.shugiin.go.jp/internet/itdb_giinprof.nsf/html/profile/086.html
85,大石　あきこ君,おおいし_あきこ,https://www.shugiin.go.jp/internet/itdb_giinprof.nsf/html/profile/101.html
86,大岡　　敏孝君,おおおか_としたか,https://www.shugiin.go.jp/internet/itdb_giinprof.nsf/html/profile/102.html
87,大河原まさこ君,おおかわら_まさこ,https://www.shugiin.go.jp/internet/itdb_giinprof.nsf/html/profile/103.html
88,大串　　博志君,おおぐし_ひろし,https://www.shugiin.go.jp/internet/itdb_giinprof.nsf/html/profile/104.html
89,大串　　正樹君,おおぐし_まさき,https://www.shugiin.go.jp/internet/itdb_giinprof.nsf/html/profile/105.html
90,大口　　善徳君,おおぐち_よしのり,https://www.shugiin.go.jp/internet/itdb_giinprof.nsf/html/profile/106.html
91,逢坂　　誠二君,おおさか_せいじ,https://www.shugiin.go.jp/internet/itdb_giinprof.nsf/html/profile/112.html
92,大島　　　敦君,おおしま_あつし,https://www.shugiin.go.jp/internet/itdb_giinprof.nsf/html/profile/107.html
93,大塚　　　拓君,おおつか_たく,https://www.shugiin.go.jp/internet/itdb_giinprof.nsf/html/profile/108.html
94,おおつき紅葉君,おおつき_くれは,https://www.shugiin.go.jp/internet/itdb_giinprof.nsf/html/profile/087.html
95,大西　　健介君,おおにし_けんすけ,https://www.shugiin.go.jp/internet/itdb_giinprof.nsf/html/profile/109.html
96,大西　　英男君,おおにし_ひでお,https://www.shugiin.go.jp/internet/itdb_giinprof.nsf/html/profile/110.html
97,大野　敬太郎君,おおの_けいたろう,https://www.shugiin.go.jp/internet/itdb_giinprof.nsf/html/profile/111.html
98,岡田　　克也君,おかだ_かつや,https://www.shugiin.go.jp/internet/itdb_giinprof.nsf/html/profile/113.html
99,緒方　林太郎君,おがた_りんたろう,https://www.shugiin.go.jp/internet/itdb_giinprof.nsf/html/profile/100.html
100,岡本　あき子君,おかもと_あきこ,https://www.shugiin.go.jp/internet/itdb_giinprof.nsf/html/profile/114.html
101,岡本　　三成君,おかもと_みつなり,https://www.shugiin.go.jp/internet/itdb_giinprof.nsf/html/profile/115.html
102,小川　　淳也君,おがわ_じゅんや,https://www.shugiin.go.jp/internet/itdb_giinprof.nsf/html/profile/088.html
103,奥下　　剛光君,おくした_たけみつ,https://www.shugiin.go.jp/internet/itdb_giinprof.nsf/html/profile/116.html
104,奥野　　信亮君,おくの_しんすけ,https://www.shugiin.go.jp/internet/itdb_giinprof.nsf/html/profile/117.html
105,奥野　総一郎君,おくの_そういちろう,https://www.shugiin.go.jp/internet/itdb_giinprof.nsf/html/profile/118.html
106,小熊　　慎司君,おぐま_しんじ,https://www.shugiin.go.jp/internet/itdb_giinprof.nsf/html/profile/089.html
107,小倉　　將信君,おぐら_まさのぶ,https://www.shugiin.go.jp/internet/itdb_giinprof.nsf/html/profile/090.html
108,尾崎　　正直君,おざき_まさなお,https://www.shugiin.go.jp/internet/itdb_giinprof.nsf/html/profile/097.html
109,小里　　泰弘君,おざと_やすひろ,https://www.shugiin.go.jp/internet/itdb_giinprof.nsf/html/profile/091.html
110,小沢　　一郎君,おざわ_いちろう,https://www.shugiin.go.jp/internet/itdb_giinprof.nsf/html/profile/092.html
111,小田原　　潔君,おだわら_きよし,https://www.shugiin.go.jp/internet/itdb_giinprof.nsf/html/profile/093.html
112,越智　　隆雄君,おち_たかお,https://www.shugiin.go.jp/internet/itdb_giinprof.nsf/html/profile/099.html
113,落合　　貴之君,おちあい_たかゆき,https://www.shugiin.go.jp/internet/itdb_giinprof.nsf/html/profile/119.html
114,鬼木　　　誠君,おにき_まこと,https://www.shugiin.go.jp/internet/itdb_giinprof.nsf/html/profile/120.html
115,小野　　泰輔君,おの_たいすけ,https://www.shugiin.go.jp/internet/itdb_giinprof.nsf/html/profile/094.html
116,小野寺　五典君,おのでら_いつのり,https://www.shugiin.go.jp/internet/itdb_giinprof.nsf/html/profile/095.html
117,小渕　　優子君,おぶち_ゆうこ,https://www.shugiin.go.jp/internet/itdb_giinprof.nsf/html/profile/096.html
118,尾身　　朝子君,おみ_あさこ,https://www.shugiin.go.jp/internet/itdb_giinprof.nsf/html/profile/098.html
119,海江田　万里君,かいえだ_ばんり,https://www.shugiin.go.jp/internet/itdb_giinprof.nsf/html/profile/002.html
120,笠井　　　亮君,かさい_あきら,https://www.shugiin.go.jp/internet/itdb_giinprof.nsf/html/profile/126.html
121,河西　　宏一君,かさい_こういち,https://www.shugiin.go.jp/internet/itdb_giinprof.nsf/html/profile/124.html
122,梶山　　弘志君,かじやま_ひろし,https://www.shugiin.go.jp/internet/itdb_giinprof.nsf/html/profile/127.html
123,勝俣　　孝明君,かつまた_たかあき,https://www.shugiin.go.jp/internet/itdb_giinprof.nsf/html/profile/128.html
124,勝目　　　康君,かつめ_やすし,https://www.shugiin.go.jp/internet/itdb_giinprof.nsf/html/profile/129.html
125,加藤　　鮎子君,かとう_あゆこ,https://www.shugiin.go.jp/internet/itdb_giinprof.nsf/html/profile/121.html
126,加藤　　勝信君,かとう_かつのぶ,https://www.shugiin.go.jp/internet/itdb_giinprof.nsf/html/profile/122.html
127,加藤　　竜祥君,かとう_りゅうしょう,https://www.shugiin.go.jp/internet/itdb_giinprof.nsf/html/profile/123.html
128,門山　　宏哲君,かどやま_ひろあき,https://www.shugiin.go.jp/internet/itdb_giinprof.nsf/html/profile/130.html
129,金子　　恵美君,かねこ_えみ,https://www.shugiin.go.jp/internet/itdb_giinprof.nsf/html/profile/131.html
130,金子　　俊平君,かねこ_しゅんぺい,https://www.shugiin.go.jp/internet/itdb_giinprof.nsf/html/profile/132.html
131,金子　　恭之君,かねこ_やすし,https://www.shugiin.go.jp/internet/itdb_giinprof.nsf/html/profile/133.html
132,金子　　容三君,かねこ_ようぞう,https://www.shugiin.go.jp/internet/itdb_giinprof.nsf/html/profile/509.html
133,金田　　勝年君,かねだ_かつとし,https://www.shugiin.go.jp/internet/itdb_giinprof.nsf/html/profile/134.html
134,金村　　龍那君,かねむら_りゅうな,https://www.shugiin.go.jp/internet/itdb_giinprof.nsf/html/profile/135.html
135,鎌田　さゆり君,かまた_さゆり,https://www.shugiin.go.jp/internet/itdb_giinprof.nsf/html/profile/136.html
136,上川　　陽子君,かみかわ_ようこ,https://www.shugiin.go.jp/internet/itdb_giinprof.nsf/html/profile/137.html
137,神谷　　　裕君,かみや_ひろし,https://www.shugiin.go.jp/internet/itdb_giinprof.nsf/html/profile/138.html
138,亀井　亜紀子君,かめい_あきこ,https://www.shugiin.go.jp/internet/itdb_giinprof.nsf/html/profile/510.html
139,亀岡　　偉民君,かめおか_よしたみ,https://www.shugiin.go.jp/internet/itdb_giinprof.nsf/html/profile/139.html
140,川内　　博史君,かわうち_ひろし,https://www.shugiin.go.jp/internet/itdb_giinprof.nsf/html/profile/511.html
141,川崎　ひでと君,かわさき_ひでと,https://www.shugiin.go.jp/internet/itdb_giinprof.nsf/html/profile/140.html
142,菅　　　直人君,かん_なおと,https://www.shugiin.go.jp/internet/itdb_giinprof.nsf/html/profile/143.html
143,菅家　　一郎君,かんけ_いちろう,https://www.shugiin.go.jp/internet/itdb_giinprof.nsf/html/profile/144.html
144,神田　　憲次君,かんだ_けんじ,https://www.shugiin.go.jp/internet/itdb_giinprof.nsf/html/profile/141.html
145,神田　　潤一君,かんだ_じゅんいち,https://www.shugiin.go.jp/internet/itdb_giinprof.nsf/html/profile/142.html
146,城井　　　崇君,きい_たかし,https://www.shugiin.go.jp/internet/itdb_giinprof.nsf/html/profile/149.html
147,城内　　　実君,きうち_みのる,https://www.shugiin.go.jp/internet/itdb_giinprof.nsf/html/profile/150.html
148,黄川田　仁志君,きかわだ_ひとし,https://www.shugiin.go.jp/internet/itdb_giinprof.nsf/html/profile/151.html
149,菊田　真紀子君,きくた_まきこ,https://www.shugiin.go.jp/internet/itdb_giinprof.nsf/html/profile/152.html
150,岸　　信千世君,きし_のぶちよ,https://www.shugiin.go.jp/internet/itdb_giinprof.nsf/html/profile/504.html
151,岸田　　文雄君,きしだ_ふみお,https://www.shugiin.go.jp/internet/itdb_giinprof.nsf/html/profile/154.html
152,北神　　圭朗君,きたがみ_けいろう,https://www.shugiin.go.jp/internet/itdb_giinprof.nsf/html/profile/156.html
153,北側　　一雄君,きたがわ_かずお,https://www.shugiin.go.jp/internet/itdb_giinprof.nsf/html/profile/157.html
154,木原　　誠二君,きはら_せいじ,https://www.shugiin.go.jp/internet/itdb_giinprof.nsf/html/profile/145.html
155,木原　　　稔君,きはら_みのる,https://www.shugiin.go.jp/internet/itdb_giinprof.nsf/html/profile/146.html
156,木村　　次郎君,きむら_じろう,https://www.shugiin.go.jp/internet/itdb_giinprof.nsf/html/profile/147.html
157,吉良　　州司君,きら_しゅうじ,https://www.shugiin.go.jp/internet/itdb_giinprof.nsf/html/profile/148.html
158,金城　　泰邦君,きんじょう_やすくに,https://www.shugiin.go.jp/internet/itdb_giinprof.nsf/html/profile/159.html
159,日下　　正喜君,くさか_まさき,https://www.shugiin.go.jp/internet/itdb_giinprof.nsf/html/profile/161.html
160,櫛渕　　万里君,くしぶち_まり,https://www.shugiin.go.jp/internet/itdb_giinprof.nsf/html/profile/501.html
161,工藤　　彰三君,くどう_しょうぞう,https://www.shugiin.go.jp/internet/itdb_giinprof.nsf/html/profile/160.html
162,国定　　勇人君,くにさだ_いさと,https://www.shugiin.go.jp/internet/itdb_giinprof.nsf/html/profile/162.html
163,國重　　　徹君,くにしげ_とおる,https://www.shugiin.go.jp/internet/itdb_giinprof.nsf/html/profile/163.html
164,国光　あやの君,くにみつ_あやの,https://www.shugiin.go.jp/internet/itdb_giinprof.nsf/html/profile/164.html
165,熊田　　裕通君,くまだ_ひろみち,https://www.shugiin.go.jp/internet/itdb_giinprof.nsf/html/profile/165.html
166,玄葉　光一郎君,げんば_こういちろう,https://www.shugiin.go.jp/internet/itdb_giinprof.nsf/html/profile/166.html
167,源馬　謙太郎君,げんま_けんたろう,https://www.shugiin.go.jp/internet/itdb_giinprof.nsf/html/profile/167.html
168,小泉　進次郎君,こいずみ_しんじろう,https://www.shugiin.go.jp/internet/itdb_giinprof.nsf/html/profile/168.html
169,小泉　　龍司君,こいずみ_りゅうじ,https://www.shugiin.go.jp/internet/itdb_giinprof.nsf/html/profile/169.html
170,神津　たけし君,こうづ_たけし,https://www.shugiin.go.jp/internet/itdb_giinprof.nsf/html/profile/183.html
171,河野　　太郎君,こうの_たろう,https://www.shugiin.go.jp/internet/itdb_giinprof.nsf/html/profile/182.html
172,高村　　正大君,こうむら_まさひろ,https://www.shugiin.go.jp/internet/itdb_giinprof.nsf/html/profile/184.html
173,古賀　　　篤君,こが_あつし,https://www.shugiin.go.jp/internet/itdb_giinprof.nsf/html/profile/178.html
174,穀田　　恵二君,こくた_けいじ,https://www.shugiin.go.jp/internet/itdb_giinprof.nsf/html/profile/186.html
175,國場　幸之助君,こくば_こうのすけ,https://www.shugiin.go.jp/internet/itdb_giinprof.nsf/html/profile/185.html
176,小島　　敏文君,こじま_としふみ,https://www.shugiin.go.jp/internet/itdb_giinprof.nsf/html/profile/170.html
177,輿水　　恵一君,こしみず_けいいち,https://www.shugiin.go.jp/internet/itdb_giinprof.nsf/html/profile/187.html
178,小寺　　裕雄君,こてら_ひろお,https://www.shugiin.go.jp/internet/itdb_giinprof.nsf/html/profile/171.html
179,後藤　　茂之君,ごとう_しげゆき,https://www.shugiin.go.jp/internet/itdb_giinprof.nsf/html/profile/179.html
180,後藤　　祐一君,ごとう_ゆういち,https://www.shugiin.go.jp/internet/itdb_giinprof.nsf/html/profile/180.html
181,小林　　茂樹君,こばやし_しげき,https://www.shugiin.go.jp/internet/itdb_giinprof.nsf/html/profile/172.html
182,小林　　鷹之君,こばやし_たかゆき,https://www.shugiin.go.jp/internet/itdb_giinprof.nsf/html/profile/173.html
183,小林　　史明君,こばやし_ふみあき,https://www.shugiin.go.jp/internet/itdb_giinprof.nsf/html/profile/174.html
184,小宮山　泰子君,こみやま_やすこ,https://www.shugiin.go.jp/internet/itdb_giinprof.nsf/html/profile/175.html
185,小森　　卓郎君,こもり_たくお,https://www.shugiin.go.jp/internet/itdb_giinprof.nsf/html/profile/176.html
186,小山　　展弘君,こやま_のぶひろ,https://www.shugiin.go.jp/internet/itdb_giinprof.nsf/html/profile/177.html
187,近藤　　和也君,こんどう_かずや,https://www.shugiin.go.jp/internet/itdb_giinprof.nsf/html/profile/188.html
188,近藤　　昭一君,こんどう_しょういち,https://www.shugiin.go.jp/internet/itdb_giinprof.nsf/html/profile/189.html
189,斎藤アレックス君,さいとう_あれっくす,https://www.shugiin.go.jp/internet/itdb_giinprof.nsf/html/profile/196.html
190,齋藤　　　健君,さいとう_けん,https://www.shugiin.go.jp/internet/itdb_giinprof.nsf/html/profile/197.html
191,斉藤　　鉄夫君,さいとう_てつお,https://www.shugiin.go.jp/internet/itdb_giinprof.nsf/html/profile/195.html
192,斎藤　　洋明君,さいとう_ひろあき,https://www.shugiin.go.jp/internet/itdb_giinprof.nsf/html/profile/198.html
193,酒井　なつみ君,さかい_なつみ,https://www.shugiin.go.jp/internet/itdb_giinprof.nsf/html/profile/512.html
194,坂井　　　学君,さかい_まなぶ,https://www.shugiin.go.jp/internet/itdb_giinprof.nsf/html/profile/199.html
195,坂本　　哲志君,さかもと_てつし,https://www.shugiin.go.jp/internet/itdb_giinprof.nsf/html/profile/200.html
196,坂本　祐之輔君,さかもと_ゆうのすけ,https://www.shugiin.go.jp/internet/itdb_giinprof.nsf/html/profile/201.html
197,櫻井　　　周君,さくらい_しゅう,https://www.shugiin.go.jp/internet/itdb_giinprof.nsf/html/profile/202.html
198,櫻田　　義孝君,さくらだ_よしたか,https://www.shugiin.go.jp/internet/itdb_giinprof.nsf/html/profile/203.html
199,笹川　　博義君,ささがわ_ひろよし,https://www.shugiin.go.jp/internet/itdb_giinprof.nsf/html/profile/204.html
200,佐々木　　紀君,ささき_はじめ,https://www.shugiin.go.jp/internet/itdb_giinprof.nsf/html/profile/190.html
201,佐藤　　公治君,さとう_こうじ,https://www.shugiin.go.jp/internet/itdb_giinprof.nsf/html/profile/191.html
202,佐藤　　茂樹君,さとう_しげき,https://www.shugiin.go.jp/internet/itdb_giinprof.nsf/html/profile/192.html
203,佐藤　　　勉君,さとう_つとむ,https://www.shugiin.go.jp/internet/itdb_giinprof.nsf/html/profile/193.html
204,佐藤　　英道君,さとう_ひでみち,https://www.shugiin.go.jp/internet/itdb_giinprof.nsf/html/profile/194.html
205,沢田　　　良君,さわだ_りょう,https://www.shugiin.go.jp/internet/itdb_giinprof.nsf/html/profile/205.html
206,志位　　和夫君,しい_かずお,https://www.shugiin.go.jp/internet/itdb_giinprof.nsf/html/profile/206.html
207,塩川　　鉄也君,しおかわ_てつや,https://www.shugiin.go.jp/internet/itdb_giinprof.nsf/html/profile/207.html
208,塩崎　　彰久君,しおざき_あきひさ,https://www.shugiin.go.jp/internet/itdb_giinprof.nsf/html/profile/208.html
209,塩谷　　　立君,しおのや_りゅう,https://www.shugiin.go.jp/internet/itdb_giinprof.nsf/html/profile/209.html
210,重徳　　和彦君,しげとく_かずひこ,https://www.shugiin.go.jp/internet/itdb_giinprof.nsf/html/profile/210.html
211,階　　　　猛君,しな_たけし,https://www.shugiin.go.jp/internet/itdb_giinprof.nsf/html/profile/211.html
212,篠原　　　豪君,しのはら_ごう,https://www.shugiin.go.jp/internet/itdb_giinprof.nsf/html/profile/212.html
213,篠原　　　孝君,しのはら_たかし,https://www.shugiin.go.jp/internet/itdb_giinprof.nsf/html/profile/213.html
214,柴山　　昌彦君,しばやま_まさひこ,https://www.shugiin.go.jp/internet/itdb_giinprof.nsf/html/profile/214.html
215,島尻　安伊子君,しまじり_あいこ,https://www.shugiin.go.jp/internet/itdb_giinprof.nsf/html/profile/215.html
216,下条　　みつ君,しもじょう_みつ,https://www.shugiin.go.jp/internet/itdb_giinprof.nsf/html/profile/216.html
217,下村　　博文君,しもむら_はくぶん,https://www.shugiin.go.jp/internet/itdb_giinprof.nsf/html/profile/217.html
218,庄子　　賢一君,しょうじ_けんいち,https://www.shugiin.go.jp/internet/itdb_giinprof.nsf/html/profile/218.html
219,白石　　洋一君,しらいし_よういち,https://www.shugiin.go.jp/internet/itdb_giinprof.nsf/html/profile/219.html
220,新谷　　正義君,しんたに_まさよし,https://www.shugiin.go.jp/internet/itdb_giinprof.nsf/html/profile/220.html
221,新藤　　義孝君,しんどう_よしたか,https://www.shugiin.go.jp/internet/itdb_giinprof.nsf/html/profile/221.html
222,末松　　義規君,すえまつ_よしのり,https://www.shugiin.go.jp/internet/itdb_giinprof.nsf/html/profile/223.html
223,菅　　　義偉君,すが_よしひで,https://www.shugiin.go.jp/internet/itdb_giinprof.nsf/html/profile/224.html
224,杉田　　水脈君,すぎた_みお,https://www.shugiin.go.jp/internet/itdb_giinprof.nsf/html/profile/225.html
225,杉本　　和巳君,すぎもと_かずみ,https://www.shugiin.go.jp/internet/itdb_giinprof.nsf/html/profile/226.html
226,鈴木　　　敦君,すずき_あつし,https://www.shugiin.go.jp/internet/itdb_giinprof.nsf/html/profile/227.html
227,鈴木　　英敬君,すずき_えいけい,https://www.shugiin.go.jp/internet/itdb_giinprof.nsf/html/profile/228.html
228,鈴木　　馨祐君,すずき_けいすけ,https://www.shugiin.go.jp/internet/itdb_giinprof.nsf/html/profile/229.html
229,鈴木　　俊一君,すずき_しゅんいち,https://www.shugiin.go.jp/internet/itdb_giinprof.nsf/html/profile/230.html
230,鈴木　　淳司君,すずき_じゅんじ,https://www.shugiin.go.jp/internet/itdb_giinprof.nsf/html/profile/231.html
231,鈴木　　貴子君,すずき_たかこ,https://www.shugiin.go.jp/internet/itdb_giinprof.nsf/html/profile/232.html
232,鈴木　　憲和君,すずき_のりかず,https://www.shugiin.go.jp/internet/itdb_giinprof.nsf/html/profile/233.html
233,鈴木　　隼人君,すずき_はやと,https://www.shugiin.go.jp/internet/itdb_giinprof.nsf/html/profile/234.html
234,鈴木　　庸介君,すずき_ようすけ,https://www.shugiin.go.jp/internet/itdb_giinprof.nsf/html/profile/235.html
235,鈴木　　義弘君,すずき_よしひろ,https://www.shugiin.go.jp/internet/itdb_giinprof.nsf/html/profile/236.html
236,住吉　　寛紀君,すみよし_ひろき,https://www.shugiin.go.jp/internet/itdb_giinprof.nsf/html/profile/237.html
237,関　　　芳弘君,せき_よしひろ,https://www.shugiin.go.jp/internet/itdb_giinprof.nsf/html/profile/238.html
238,瀬戸　　隆一君,せと_たかかず,https://www.shugiin.go.jp/internet/itdb_giinprof.nsf/html/profile/502.html
239,空本　　誠喜君,そらもと_せいき,https://www.shugiin.go.jp/internet/itdb_giinprof.nsf/html/profile/240.html
240,平　　　将明君,たいら_まさあき,https://www.shugiin.go.jp/internet/itdb_giinprof.nsf/html/profile/252.html
241,高市　　早苗君,たかいち_さなえ,https://www.shugiin.go.jp/internet/itdb_giinprof.nsf/html/profile/253.html
242,高階　恵美子君,たかがい_えみこ,https://www.shugiin.go.jp/internet/itdb_giinprof.nsf/html/profile/254.html
243,高木　　　啓君,たかぎ_けい,https://www.shugiin.go.jp/internet/itdb_giinprof.nsf/html/profile/255.html
244,高木　　　毅君,たかぎ_つよし,https://www.shugiin.go.jp/internet/itdb_giinprof.nsf/html/profile/256.html
245,高木　　宏壽君,たかぎ_ひろひさ,https://www.shugiin.go.jp/internet/itdb_giinprof.nsf/html/profile/257.html
246,高木　　陽介君,たかぎ_ようすけ,https://www.shugiin.go.jp/internet/itdb_giinprof.nsf/html/profile/258.html
247,高鳥　　修一君,たかとり_しゅういち,https://www.shugiin.go.jp/internet/itdb_giinprof.nsf/html/profile/259.html
248,高橋　千鶴子君,たかはし_ちづこ,https://www.shugiin.go.jp/internet/itdb_giinprof.nsf/html/profile/260.html
249,高橋　　英明君,たかはし_ひであき,https://www.shugiin.go.jp/internet/itdb_giinprof.nsf/html/profile/261.html
250,高見　　康裕君,たかみ_やすひろ,https://www.shugiin.go.jp/internet/itdb_giinprof.nsf/html/profile/262.html
251,たがや　　亮君,たがや_りょう,https://www.shugiin.go.jp/internet/itdb_giinprof.nsf/html/profile/241.html
252,武井　　俊輔君,たけい_しゅんすけ,https://www.shugiin.go.jp/internet/itdb_giinprof.nsf/html/profile/264.html
253,竹内　　　譲君,たけうち_ゆずる,https://www.shugiin.go.jp/internet/itdb_giinprof.nsf/html/profile/263.html
254,武田　　良太君,たけだ_りょうた,https://www.shugiin.go.jp/internet/itdb_giinprof.nsf/html/profile/265.html
255,武部　　　新君,たけべ_あらた,https://www.shugiin.go.jp/internet/itdb_giinprof.nsf/html/profile/266.html
256,武村　　展英君,たけむら_のぶひで,https://www.shugiin.go.jp/internet/itdb_giinprof.nsf/html/profile/267.html
257,田嶋　　　要君,たじま_かなめ,https://www.shugiin.go.jp/internet/itdb_giinprof.nsf/html/profile/242.html
258,橘　　慶一郎君,たちばな_けいいちろう,https://www.shugiin.go.jp/internet/itdb_giinprof.nsf/html/profile/268.html
259,田所　　嘉徳君,たどころ_よしのり,https://www.shugiin.go.jp/internet/itdb_giinprof.nsf/html/profile/243.html
260,田中　　和徳君,たなか_かずのり,https://www.shugiin.go.jp/internet/itdb_giinprof.nsf/html/profile/244.html
261,田中　　　健君,たなか_けん,https://www.shugiin.go.jp/internet/itdb_giinprof.nsf/html/profile/245.html
262,田中　　英之君,たなか_ひでゆき,https://www.shugiin.go.jp/internet/itdb_giinprof.nsf/html/profile/246.html
263,田中　　良生君,たなか_りょうせい,https://www.shugiin.go.jp/internet/itdb_giinprof.nsf/html/profile/247.html
264,棚橋　　泰文君,たなはし_やすふみ,https://www.shugiin.go.jp/internet/itdb_giinprof.nsf/html/profile/269.html
265,谷　　　公一君,たに_こういち,https://www.shugiin.go.jp/internet/itdb_giinprof.nsf/html/profile/270.html
266,谷川　　とむ君,たにがわ_とむ,https://www.shugiin.go.jp/internet/itdb_giinprof.nsf/html/profile/271.html
267,田野瀬　太道君,たのせ_たいどう,https://www.shugiin.go.jp/internet/itdb_giinprof.nsf/html/profile/248.html
268,田畑　　裕明君,たばた_ひろあき,https://www.shugiin.go.jp/internet/itdb_giinprof.nsf/html/profile/249.html
269,玉木　雄一郎君,たまき_ゆういちろう,https://www.shugiin.go.jp/internet/itdb_giinprof.nsf/html/profile/273.html
270,田村　　貴昭君,たむら_たかあき,https://www.shugiin.go.jp/internet/itdb_giinprof.nsf/html/profile/250.html
271,田村　　憲久君,たむら_のりひさ,https://www.shugiin.go.jp/internet/itdb_giinprof.nsf/html/profile/251.html
272,塚田　　一郎君,つかだ_いちろう,https://www.shugiin.go.jp/internet/itdb_giinprof.nsf/html/profile/275.html
273,辻　　　清人君,つじ_きよと,https://www.shugiin.go.jp/internet/itdb_giinprof.nsf/html/profile/276.html
274,津島　　　淳君,つしま_じゅん,https://www.shugiin.go.jp/internet/itdb_giinprof.nsf/html/profile/274.html
275,土田　　　慎君,つちだ_しん,https://www.shugiin.go.jp/internet/itdb_giinprof.nsf/html/profile/277.html
276,土屋　　品子君,つちや_しなこ,https://www.shugiin.go.jp/internet/itdb_giinprof.nsf/html/profile/278.html
277,堤　　かなめ君,つつみ_かなめ,https://www.shugiin.go.jp/internet/itdb_giinprof.nsf/html/profile/279.html
278,角田　　秀穂君,つのだ_ひでお,https://www.shugiin.go.jp/internet/itdb_giinprof.nsf/html/profile/280.html
279,手塚　　仁雄君,てづか_よしお,https://www.shugiin.go.jp/internet/itdb_giinprof.nsf/html/profile/281.html
280,寺田　　　学君,てらた_まなぶ,https://www.shugiin.go.jp/internet/itdb_giinprof.nsf/html/profile/282.html
281,寺田　　　稔君,てらだ_みのる,https://www.shugiin.go.jp/internet/itdb_giinprof.nsf/html/profile/283.html
282,土井　　　亨君,どい_とおる,https://www.shugiin.go.jp/internet/itdb_giinprof.nsf/html/profile/286.html
283,渡海　紀三朗君,とかい_きさぶろう,https://www.shugiin.go.jp/internet/itdb_giinprof.nsf/html/profile/285.html
284,冨樫　　博之君,とがし_ひろゆき,https://www.shugiin.go.jp/internet/itdb_giinprof.nsf/html/profile/284.html
285,徳永　　久志君,とくなが_ひさし,https://www.shugiin.go.jp/internet/itdb_giinprof.nsf/html/profile/287.html
286,永岡　　桂子君,ながおか_けいこ,https://www.shugiin.go.jp/internet/itdb_giinprof.nsf/html/profile/306.html
287,中川　　貴元君,なかがわ_たかもと,https://www.shugiin.go.jp/internet/itdb_giinprof.nsf/html/profile/288.html
288,中川　　宏昌君,なかがわ_ひろまさ,https://www.shugiin.go.jp/internet/itdb_giinprof.nsf/html/profile/289.html
289,中川　　正春君,なかがわ_まさはる,https://www.shugiin.go.jp/internet/itdb_giinprof.nsf/html/profile/290.html
290,中川　　康洋君,なかがわ_やすひろ,https://www.shugiin.go.jp/internet/itdb_giinprof.nsf/html/profile/291.html
291,中川　　郁子君,なかがわ_ゆうこ,https://www.shugiin.go.jp/internet/itdb_giinprof.nsf/html/profile/292.html
292,長坂　　康正君,ながさか_やすまさ,https://www.shugiin.go.jp/internet/itdb_giinprof.nsf/html/profile/307.html
293,長島　　昭久君,ながしま_あきひさ,https://www.shugiin.go.jp/internet/itdb_giinprof.nsf/html/profile/308.html
294,中島　　克仁君,なかじま_かつひと,https://www.shugiin.go.jp/internet/itdb_giinprof.nsf/html/profile/293.html
295,中嶋　　秀樹君,なかじま_ひでき,https://www.shugiin.go.jp/internet/itdb_giinprof.nsf/html/profile/507.html
296,中曽根　康隆君,なかそね_やすたか,https://www.shugiin.go.jp/internet/itdb_giinprof.nsf/html/profile/294.html
297,中谷　　一馬君,なかたに_かずま,https://www.shugiin.go.jp/internet/itdb_giinprof.nsf/html/profile/295.html
298,中谷　　　元君,なかたに_げん,https://www.shugiin.go.jp/internet/itdb_giinprof.nsf/html/profile/296.html
299,中谷　　真一君,なかたに_しんいち,https://www.shugiin.go.jp/internet/itdb_giinprof.nsf/html/profile/297.html
300,中司　　　宏君,なかつか_ひろし,https://www.shugiin.go.jp/internet/itdb_giinprof.nsf/html/profile/298.html
301,長妻　　　昭君,ながつま_あきら,https://www.shugiin.go.jp/internet/itdb_giinprof.nsf/html/profile/309.html
302,長友　　慎治君,ながとも_しんじ,https://www.shugiin.go.jp/internet/itdb_giinprof.nsf/html/profile/310.html
303,中西　　健治君,なかにし_けんじ,https://www.shugiin.go.jp/internet/itdb_giinprof.nsf/html/profile/299.html
304,中根　　一幸君,なかね_かずゆき,https://www.shugiin.go.jp/internet/itdb_giinprof.nsf/html/profile/300.html
305,中野　　英幸君,なかの_ひでゆき,https://www.shugiin.go.jp/internet/itdb_giinprof.nsf/html/profile/301.html
306,中野　　洋昌君,なかの_ひろまさ,https://www.shugiin.go.jp/internet/itdb_giinprof.nsf/html/profile/302.html
307,中村　喜四郎君,なかむら_きしろう,https://www.shugiin.go.jp/internet/itdb_giinprof.nsf/html/profile/303.html
308,中村　　裕之君,なかむら_ひろゆき,https://www.shugiin.go.jp/internet/itdb_giinprof.nsf/html/profile/304.html
309,中山　　展宏君,なかやま_のりひろ,https://www.shugiin.go.jp/internet/itdb_giinprof.nsf/html/profile/305.html
310,二階　　俊博君,にかい_としひろ,https://www.shugiin.go.jp/internet/itdb_giinprof.nsf/html/profile/311.html
311,仁木　　博文君,にき_ひろぶみ,https://www.shugiin.go.jp/internet/itdb_giinprof.nsf/html/profile/313.html
312,西岡　　秀子君,にしおか_ひでこ,https://www.shugiin.go.jp/internet/itdb_giinprof.nsf/html/profile/314.html
313,西田　　昭二君,にしだ_しょうじ,https://www.shugiin.go.jp/internet/itdb_giinprof.nsf/html/profile/315.html
314,西野　　太亮君,にしの_だいすけ,https://www.shugiin.go.jp/internet/itdb_giinprof.nsf/html/profile/316.html
315,西村　　明宏君,にしむら_あきひろ,https://www.shugiin.go.jp/internet/itdb_giinprof.nsf/html/profile/317.html
316,西村　智奈美君,にしむら_ちなみ,https://www.shugiin.go.jp/internet/itdb_giinprof.nsf/html/profile/318.html
317,西村　　康稔君,にしむら_やすとし,https://www.shugiin.go.jp/internet/itdb_giinprof.nsf/html/profile/319.html
318,西銘　恒三郎君,にしめ_こうさぶろう,https://www.shugiin.go.jp/internet/itdb_giinprof.nsf/html/profile/320.html
319,丹羽　　秀樹君,にわ_ひでき,https://www.shugiin.go.jp/internet/itdb_giinprof.nsf/html/profile/312.html
320,額賀　福志郎君,ぬかが_ふくしろう,https://www.shugiin.go.jp/internet/itdb_giinprof.nsf/html/profile/321.html
321,根本　　　匠君,ねもと_たくみ,https://www.shugiin.go.jp/internet/itdb_giinprof.nsf/html/profile/322.html
322,根本　　幸典君,ねもと_ゆきのり,https://www.shugiin.go.jp/internet/itdb_giinprof.nsf/html/profile/323.html
323,野田　　聖子君,のだ_せいこ,https://www.shugiin.go.jp/internet/itdb_giinprof.nsf/html/profile/324.html
324,野田　　佳彦君,のだ_よしひこ,https://www.shugiin.go.jp/internet/itdb_giinprof.nsf/html/profile/325.html
325,野中　　　厚君,のなか_あつし,https://www.shugiin.go.jp/internet/itdb_giinprof.nsf/html/profile/326.html
326,野間　　　健君,のま_たけし,https://www.shugiin.go.jp/internet/itdb_giinprof.nsf/html/profile/327.html
327,萩生田　光一君,はぎうだ_こういち,https://www.shugiin.go.jp/internet/itdb_giinprof.nsf/html/profile/331.html
328,橋本　　　岳君,はしもと_がく,https://www.shugiin.go.jp/internet/itdb_giinprof.nsf/html/profile/332.html
329,長谷川　淳二君,はせがわ_じゅんじ,https://www.shugiin.go.jp/internet/itdb_giinprof.nsf/html/profile/333.html
330,鳩山　　二郎君,はとやま_じろう,https://www.shugiin.go.jp/internet/itdb_giinprof.nsf/html/profile/334.html
331,葉梨　　康弘君,はなし_やすひろ,https://www.shugiin.go.jp/internet/itdb_giinprof.nsf/html/profile/328.html
332,馬場　　伸幸君,ばば_のぶゆき,https://www.shugiin.go.jp/internet/itdb_giinprof.nsf/html/profile/329.html
333,馬場　　雄基君,ばば_ゆうき,https://www.shugiin.go.jp/internet/itdb_giinprof.nsf/html/profile/330.html
334,浜田　　靖一君,はまだ_やすかず,https://www.shugiin.go.jp/internet/itdb_giinprof.nsf/html/profile/335.html
335,浜地　　雅一君,はまち_まさかず,https://www.shugiin.go.jp/internet/itdb_giinprof.nsf/html/profile/336.html
336,早坂　　　敦君,はやさか_あつし,https://www.shugiin.go.jp/internet/itdb_giinprof.nsf/html/profile/337.html
337,林　　　幹雄君,はやし_もとお,https://www.shugiin.go.jp/internet/itdb_giinprof.nsf/html/profile/338.html
338,林　　　佑美君,はやし_ゆみ,https://www.shugiin.go.jp/internet/itdb_giinprof.nsf/html/profile/505.html
339,林　　　芳正君,はやし_よしまさ,https://www.shugiin.go.jp/internet/itdb_giinprof.nsf/html/profile/339.html
340,原口　　一博君,はらぐち_かずひろ,https://www.shugiin.go.jp/internet/itdb_giinprof.nsf/html/profile/340.html
341,伴野　　　豊君,ばんの_ゆたか,https://www.shugiin.go.jp/internet/itdb_giinprof.nsf/html/profile/341.html
342,平井　　卓也君,ひらい_たくや,https://www.shugiin.go.jp/internet/itdb_giinprof.nsf/html/profile/342.html
343,平口　　　洋君,ひらぐち_ひろし,https://www.shugiin.go.jp/internet/itdb_giinprof.nsf/html/profile/343.html
344,平沢　　勝栄君,ひらさわ_かつえい,https://www.shugiin.go.jp/internet/itdb_giinprof.nsf/html/profile/344.html
345,平沼　正二郎君,ひらぬま_しょうじろう,https://www.shugiin.go.jp/internet/itdb_giinprof.nsf/html/profile/345.html
346,平林　　　晃君,ひらばやし_あきら,https://www.shugiin.go.jp/internet/itdb_giinprof.nsf/html/profile/346.html
347,深澤　　陽一君,ふかざわ_よういち,https://www.shugiin.go.jp/internet/itdb_giinprof.nsf/html/profile/347.html
348,福重　　隆浩君,ふくしげ_たかひろ,https://www.shugiin.go.jp/internet/itdb_giinprof.nsf/html/profile/348.html
349,福島　　伸享君,ふくしま_のぶゆき,https://www.shugiin.go.jp/internet/itdb_giinprof.nsf/html/profile/349.html
350,福田　　昭夫君,ふくだ_あきお,https://www.shugiin.go.jp/internet/itdb_giinprof.nsf/html/profile/350.html
351,福田　　達夫君,ふくだ_たつお,https://www.shugiin.go.jp/internet/itdb_giinprof.nsf/html/profile/351.html
352,藤井　比早之君,ふじい_ひさゆき,https://www.shugiin.go.jp/internet/itdb_giinprof.nsf/html/profile/352.html
353,藤岡　　隆雄君,ふじおか_たかお,https://www.shugiin.go.jp/internet/itdb_giinprof.nsf/html/profile/353.html
354,藤田　　文武君,ふじた_ふみたけ,https://www.shugiin.go.jp/internet/itdb_giinprof.nsf/html/profile/354.html
355,藤巻　　健太君,ふじまき_けんた,https://www.shugiin.go.jp/internet/itdb_giinprof.nsf/html/profile/355.html
356,藤丸　　　敏君,ふじまる_さとし,https://www.shugiin.go.jp/internet/itdb_giinprof.nsf/html/profile/356.html
357,藤原　　　崇君,ふじわら_たかし,https://www.shugiin.go.jp/internet/itdb_giinprof.nsf/html/profile/357.html
358,太　　　栄志君,ふとり_ひでし,https://www.shugiin.go.jp/internet/itdb_giinprof.nsf/html/profile/358.html
359,船田　　　元君,ふなだ_はじめ,https://www.shugiin.go.jp/internet/itdb_giinprof.nsf/html/profile/359.html
360,古川　　直季君,ふるかわ_なおき,https://www.shugiin.go.jp/internet/itdb_giinprof.nsf/html/profile/360.html
361,古川　　元久君,ふるかわ_もとひさ,https://www.shugiin.go.jp/internet/itdb_giinprof.nsf/html/profile/361.html
362,古川　　　康君,ふるかわ_やすし,https://www.shugiin.go.jp/internet/itdb_giinprof.nsf/html/profile/362.html
363,古川　　禎久君,ふるかわ_よしひさ,https://www.shugiin.go.jp/internet/itdb_giinprof.nsf/html/profile/363.html
364,古屋　　圭司君,ふるや_けいじ,https://www.shugiin.go.jp/internet/itdb_giinprof.nsf/html/profile/364.html
365,古屋　　範子君,ふるや_のりこ,https://www.shugiin.go.jp/internet/itdb_giinprof.nsf/html/profile/365.html
366,穂坂　　　泰君,ほさか_やすし,https://www.shugiin.go.jp/internet/itdb_giinprof.nsf/html/profile/366.html
367,星野　　剛士君,ほしの_つよし,https://www.shugiin.go.jp/internet/itdb_giinprof.nsf/html/profile/367.html
368,細田　　健一君,ほそだ_けんいち,https://www.shugiin.go.jp/internet/itdb_giinprof.nsf/html/profile/368.html
369,細野　　豪志君,ほその_ごうし,https://www.shugiin.go.jp/internet/itdb_giinprof.nsf/html/profile/369.html
370,掘井　　健智君,ほりい_けんじ,https://www.shugiin.go.jp/internet/itdb_giinprof.nsf/html/profile/373.html
371,堀井　　　学君,ほりい_まなぶ,https://www.shugiin.go.jp/internet/itdb_giinprof.nsf/html/profile/370.html
372,堀内　　詔子君,ほりうち_のりこ,https://www.shugiin.go.jp/internet/itdb_giinprof.nsf/html/profile/371.html
373,堀場　　幸子君,ほりば_さちこ,https://www.shugiin.go.jp/internet/itdb_giinprof.nsf/html/profile/372.html
374,本庄　　知史君,ほんじょう_さとし,https://www.shugiin.go.jp/internet/itdb_giinprof.nsf/html/profile/374.html
375,本田　　太郎君,ほんだ_たろう,https://www.shugiin.go.jp/internet/itdb_giinprof.nsf/html/profile/375.html
376,前原　　誠司君,まえはら_せいじ,https://www.shugiin.go.jp/internet/itdb_giinprof.nsf/html/profile/378.html
377,牧　　　義夫君,まき_よしお,https://www.shugiin.go.jp/internet/itdb_giinprof.nsf/html/profile/379.html
378,牧島　かれん君,まきしま_かれん,https://www.shugiin.go.jp/internet/itdb_giinprof.nsf/html/profile/380.html
379,牧原　　秀樹君,まきはら_ひでき,https://www.shugiin.go.jp/internet/itdb_giinprof.nsf/html/profile/381.html
380,松木けんこう君,まつき_けんこう,https://www.shugiin.go.jp/internet/itdb_giinprof.nsf/html/profile/382.html
381,松島　みどり君,まつしま_みどり,https://www.shugiin.go.jp/internet/itdb_giinprof.nsf/html/profile/383.html
382,松野　　博一君,まつの_ひろかず,https://www.shugiin.go.jp/internet/itdb_giinprof.nsf/html/profile/384.html
383,松原　　　仁君,まつばら_じん,https://www.shugiin.go.jp/internet/itdb_giinprof.nsf/html/profile/385.html
384,松本　　剛明君,まつもと_たけあき,https://www.shugiin.go.jp/internet/itdb_giinprof.nsf/html/profile/386.html
385,松本　　　尚君,まつもと_ひさし,https://www.shugiin.go.jp/internet/itdb_giinprof.nsf/html/profile/387.html
386,松本　　洋平君,まつもと_ようへい,https://www.shugiin.go.jp/internet/itdb_giinprof.nsf/html/profile/388.html
387,馬淵　　澄夫君,まぶち_すみお,https://www.shugiin.go.jp/internet/itdb_giinprof.nsf/html/profile/376.html
388,三木　　圭恵君,みき_けえ,https://www.shugiin.go.jp/internet/itdb_giinprof.nsf/html/profile/389.html
389,岬　　　麻紀君,みさき_まき,https://www.shugiin.go.jp/internet/itdb_giinprof.nsf/html/profile/395.html
390,三反園　　訓君,みたぞの_さとし,https://www.shugiin.go.jp/internet/itdb_giinprof.nsf/html/profile/390.html
391,三谷　　英弘君,みたに_ひでひろ,https://www.shugiin.go.jp/internet/itdb_giinprof.nsf/html/profile/391.html
392,道下　　大樹君,みちした_だいき,https://www.shugiin.go.jp/internet/itdb_giinprof.nsf/html/profile/396.html
393,三ッ林　裕巳君,みつばやし_ひろみ,https://www.shugiin.go.jp/internet/itdb_giinprof.nsf/html/profile/392.html
394,緑川　　貴士君,みどりかわ_たかし,https://www.shugiin.go.jp/internet/itdb_giinprof.nsf/html/profile/397.html
395,美延　　映夫君,みのべ_てるお,https://www.shugiin.go.jp/internet/itdb_giinprof.nsf/html/profile/393.html
396,御法川　信英君,みのりかわ_のぶひで,https://www.shugiin.go.jp/internet/itdb_giinprof.nsf/html/profile/394.html
397,宮内　　秀樹君,みやうち_ひでき,https://www.shugiin.go.jp/internet/itdb_giinprof.nsf/html/profile/398.html
398,宮崎　　政久君,みやざき_まさひさ,https://www.shugiin.go.jp/internet/itdb_giinprof.nsf/html/profile/399.html
399,宮路　　拓馬君,みやじ_たくま,https://www.shugiin.go.jp/internet/itdb_giinprof.nsf/html/profile/401.html
400,宮下　　一郎君,みやした_いちろう,https://www.shugiin.go.jp/internet/itdb_giinprof.nsf/html/profile/402.html
401,宮本　　岳志君,みやもと_たけし,https://www.shugiin.go.jp/internet/itdb_giinprof.nsf/html/profile/403.html
402,宮本　　　徹君,みやもと_とおる,https://www.shugiin.go.jp/internet/itdb_giinprof.nsf/html/profile/404.html
403,務台　　俊介君,むたい_しゅんすけ,https://www.shugiin.go.jp/internet/itdb_giinprof.nsf/html/profile/406.html
404,武藤　　容治君,むとう_ようじ,https://www.shugiin.go.jp/internet/itdb_giinprof.nsf/html/profile/405.html
405,宗清　　皇一君,むねきよ_こういち,https://www.shugiin.go.jp/internet/itdb_giinprof.nsf/html/profile/407.html
406,村井　　英樹君,むらい_ひでき,https://www.shugiin.go.jp/internet/itdb_giinprof.nsf/html/profile/408.html
407,村上　誠一郎君,むらかみ_せいいちろう,https://www.shugiin.go.jp/internet/itdb_giinprof.nsf/html/profile/409.html
408,茂木　　敏充君,もてぎ_としみつ,https://www.shugiin.go.jp/internet/itdb_giinprof.nsf/html/profile/410.html
409,本村　　伸子君,もとむら_のぶこ,https://www.shugiin.go.jp/internet/itdb_giinprof.nsf/html/profile/411.html
410,森　　　英介君,もり_えいすけ,https://www.shugiin.go.jp/internet/itdb_giinprof.nsf/html/profile/414.html
411,森　　由起子君,もり_ゆきこ,https://www.shugiin.go.jp/internet/itdb_giinprof.nsf/html/profile/513.html
412,守島　　　正君,もりしま_ただし,https://www.shugiin.go.jp/internet/itdb_giinprof.nsf/html/profile/412.html
413,森田　　俊和君,もりた_としかず,https://www.shugiin.go.jp/internet/itdb_giinprof.nsf/html/profile/415.html
414,森山　　　裕君,もりやま_ひろし,https://www.shugiin.go.jp/internet/itdb_giinprof.nsf/html/profile/417.html
415,森山　　浩行君,もりやま_ひろゆき,https://www.shugiin.go.jp/internet/itdb_giinprof.nsf/html/profile/416.html
416,盛山　　正仁君,もりやま_まさひと,https://www.shugiin.go.jp/internet/itdb_giinprof.nsf/html/profile/413.html
417,八木　　哲也君,やぎ_てつや,https://www.shugiin.go.jp/internet/itdb_giinprof.nsf/html/profile/418.html
418,保岡　　宏武君,やすおか_ひろたけ,https://www.shugiin.go.jp/internet/itdb_giinprof.nsf/html/profile/420.html
419,谷田川　　元君,やたがわ_はじめ,https://www.shugiin.go.jp/internet/itdb_giinprof.nsf/html/profile/419.html
420,簗　　　和生君,やな_かずお,https://www.shugiin.go.jp/internet/itdb_giinprof.nsf/html/profile/421.html
421,柳本　　　顕君,やなぎもと_あきら,https://www.shugiin.go.jp/internet/itdb_giinprof.nsf/html/profile/422.html
422,山岡　　達丸君,やまおか_たつまる,https://www.shugiin.go.jp/internet/itdb_giinprof.nsf/html/profile/423.html
423,山岸　　一生君,やまぎし_いっせい,https://www.shugiin.go.jp/internet/itdb_giinprof.nsf/html/profile/424.html
424,山際　大志郎君,やまぎわ_だいしろう,https://www.shugiin.go.jp/internet/itdb_giinprof.nsf/html/profile/425.html
425,山口　　俊一君,やまぐち_しゅんいち,https://www.shugiin.go.jp/internet/itdb_giinprof.nsf/html/profile/426.html
426,山口　　　晋君,やまぐち_すすむ,https://www.shugiin.go.jp/internet/itdb_giinprof.nsf/html/profile/427.html
427,山口　　　壯君,やまぐち_つよし,https://www.shugiin.go.jp/internet/itdb_giinprof.nsf/html/profile/428.html
428,山崎　　　誠君,やまざき_まこと,https://www.shugiin.go.jp/internet/itdb_giinprof.nsf/html/profile/430.html
429,山崎　　正恭君,やまさき_まさやす,https://www.shugiin.go.jp/internet/itdb_giinprof.nsf/html/profile/429.html
430,山下　　貴司君,やました_たかし,https://www.shugiin.go.jp/internet/itdb_giinprof.nsf/html/profile/431.html
431,山田　　勝彦君,やまだ_かつひこ,https://www.shugiin.go.jp/internet/itdb_giinprof.nsf/html/profile/514.html
432,山田　　賢司君,やまだ_けんじ,https://www.shugiin.go.jp/internet/itdb_giinprof.nsf/html/profile/433.html
433,山田　　美樹君,やまだ_みき,https://www.shugiin.go.jp/internet/itdb_giinprof.nsf/html/profile/434.html
434,山井　　和則君,やまのい_かずのり,https://www.shugiin.go.jp/internet/itdb_giinprof.nsf/html/profile/435.html
435,山本　　剛正君,やまもと_ごうせい,https://www.shugiin.go.jp/internet/itdb_giinprof.nsf/html/profile/436.html
436,山本　　左近君,やまもと_さこん,https://www.shugiin.go.jp/internet/itdb_giinprof.nsf/html/profile/437.html
437,山本ともひろ君,やまもと_ともひろ,https://www.shugiin.go.jp/internet/itdb_giinprof.nsf/html/profile/439.html
438,山本　　有二君,やまもと_ゆうじ,https://www.shugiin.go.jp/internet/itdb_giinprof.nsf/html/profile/440.html
439,屋良　　朝博君,やら_ともひろ,https://www.shugiin.go.jp/internet/itdb_giinprof.nsf/html/profile/508.html
440,柚木　　道義君,ゆのき_みちよし,https://www.shugiin.go.jp/internet/itdb_giinprof.nsf/html/profile/441.html
441,湯原　　俊二君,ゆはら_しゅんじ,https://www.shugiin.go.jp/internet/itdb_giinprof.nsf/html/profile/442.html
442,義家　　弘介君,よしいえ_ひろゆき,https://www.shugiin.go.jp/internet/itdb_giinprof.nsf/html/profile/452.html
443,吉川　　　赳君,よしかわ_たける,https://www.shugiin.go.jp/internet/itdb_giinprof.nsf/html/profile/443.html
444,吉川　　　元君,よしかわ_はじめ,https://www.shugiin.go.jp/internet/itdb_giinprof.nsf/html/profile/444.html
445,吉田　久美子君,よしだ_くみこ,https://www.shugiin.go.jp/internet/itdb_giinprof.nsf/html/profile/445.html
446,吉田　　真次君,よしだ_しんじ,https://www.shugiin.go.jp/internet/itdb_giinprof.nsf/html/profile/506.html
447,吉田　　統彦君,よしだ_つねひこ,https://www.shugiin.go.jp/internet/itdb_giinprof.nsf/html/profile/446.html
448,吉田　とも代君,よしだ_ともよ,https://www.shugiin.go.jp/internet/itdb_giinprof.nsf/html/profile/447.html
449,吉田　　豊史君,よしだ_とよふみ,https://www.shugiin.go.jp/internet/itdb_giinprof.nsf/html/profile/448.html
450,吉田　　宣弘君,よしだ_のぶひろ,https://www.shugiin.go.jp/internet/itdb_giinprof.nsf/html/profile/449.html
451,吉田　はるみ君,よしだ_はるみ,https://www.shugiin.go.jp/internet/itdb_giinprof.nsf/html/profile/450.html
452,吉野　　正芳君,よしの_まさよし,https://www.shugiin.go.jp/internet/itdb_giinprof.nsf/html/profile/451.html
453,米山　　隆一君,よねやま_りゅういち,https://www.shugiin.go.jp/internet/itdb_giinprof.nsf/html/profile/453.html
454,笠　　　浩史君,りゅう_ひろふみ,https://www.shugiin.go.jp/internet/itdb_giinprof.nsf/html/profile/454.html
455,若林　　健太君,わかばやし_けんた,https://www.shugiin.go.jp/internet/itdb_giinprof.nsf/html/profile/458.html
456,若宮　　健嗣君,わかみや_けんじ,https://www.shugiin.go.jp/internet/itdb_giinprof.nsf/html/profile/459.html
457,鷲尾　英一郎君,わしお_えいいちろう,https://www.shugiin.go.jp/internet/itdb_giinprof.nsf/html/profile/460.html
458,早稲田　ゆき君,わせだ_ゆき,https://www.shugiin.go.jp/internet/itdb_giinprof.nsf/html/profile/455.html
459,和田　有一朗君,わだ_ゆういちろう,https://www.shugiin.go.jp/internet/itdb_giinprof.nsf/html/profile/456.html
460,和田　　義明君,わだ_よしあき,https://www.shugiin.go.jp/internet/itdb_giinprof.nsf/html/profile/457.html
461,渡辺　　孝一君,わたなべ_こういち,https://www.shugiin.go.jp/internet/itdb_giinprof.nsf/html/profile/461.html
462,渡辺　　　周君,わたなべ_しゅう,https://www.shugiin.go.jp/internet/itdb_giinprof.nsf/html/profile/462.html
463,渡辺　　　創君,わたなべ_そう,https://www.shugiin.go.jp/internet/itdb_giinprof.nsf/html/profile/463.html
464,渡辺　　博道君,わたなべ_ひろみち,https://www.shugiin.go.jp/internet/itdb_giinprof.nsf/html/profile/464.html
465,鰐淵　　洋子君,わにぶち_ようこ,https://www.shugiin.go.jp/internet/itdb_giinprof.nsf/html/profile/465.html
